date,source,platform,raw_text,clean_text,engagement_score,subreddit,url,topic_key
2026-04-05,google_trends,google,tommy fleetwood,tommy fleetwood,NA,NA,https://trends.google.com/trending/rss?geo=AU,tommy fleetwood
2026-04-05,google_trends,google,windows update,windows update,NA,NA,https://trends.google.com/trending/rss?geo=AU,windows update
2026-04-05,google_trends,google,texas open,texas open,NA,NA,https://trends.google.com/trending/rss?geo=AU,texas open
2026-04-05,google_trends,google,artificial intelligence,artificial intelligence,NA,NA,https://trends.google.com/trending/rss?geo=AU,artificial intelligence
2026-04-05,google_trends,google,state pension,state pension,NA,NA,https://trends.google.com/trending/rss?geo=AU,state pension
2026-04-05,google_trends,google,nancy guthrie,nancy guthrie,NA,NA,https://trends.google.com/trending/rss?geo=AU,nancy guthrie
2026-04-05,google_trends,google,bucks vs grizzlies,bucks vs grizzlies,NA,NA,https://trends.google.com/trending/rss?geo=AU,bucks vs grizzlies
2026-04-05,google_trends,google,artemis 2 live stream,artemis 2 live stream,NA,NA,https://trends.google.com/trending/rss?geo=AU,artemis 2 live stream
2026-04-05,google_trends,google,tommy paul,tommy paul,NA,NA,https://trends.google.com/trending/rss?geo=AU,tommy paul
2026-04-05,google_trends,google,is it a public holiday today,is it public holiday today,NA,NA,https://trends.google.com/trending/rss?geo=AU,is it public holiday today
2026-04-05,reddit,reddit,'Easter bilby' populations quadruple across Australian sanctuaries,easter bilby populations quadruple across australian sanctuaries,1,australia,NA,easter bilby populations quadruple across australian sanctuaries
2026-04-05,reddit,reddit,Sydney Daily Random Discussion Thread 06/04/2026,sydney daily random discussion thread 06 04 2026,1,sydney,NA,sydney daily random discussion thread 06 04 2026
2026-04-05,reddit,reddit,Interaction with Optus - A typo or or not?,interaction optus typo not,1,australian,NA,interaction optus typo not
